patient_id,insulin_dose,insulin_dose_rf
HUPA0001P,1.308105006105006,1.308088065935102
HUPA0002P,0.4141654687032045,0.4141641772289607
HUPA0003P,0.7200999380914477,0.720100117849252
HUPA0004P,1.405165671798094,1.4051606348389745
HUPA0005P,0.7219736493625609,0.721972535132345
HUPA0006P,1.1608537537895336,1.1608414358447836
HUPA0007P,1.2937530255878285,1.2937463512141774
HUPA0009P,1.4858632199182429,1.485863601783615
HUPA0010P,0.5872387691795482,0.5872445619863608
