patient_id,insulin_dose_rf
HUPA0001P,1.5836671680400782
HUPA0002P,1.1402971214821993
HUPA0003P,1.247421825148452
HUPA0004P,1.8883022343257354
HUPA0005P,1.0706901086711735
HUPA0006P,1.908887945833078
HUPA0007P,1.8566032870053049
HUPA0009P,1.5671790794517886
HUPA0010P,1.084692181319566
